Workbook

Sheet Summary
A1: Multimodal agentic retrieval study: research tracker
A2: Beyond Hop Count (SDM-MAR). All counts below are formulas over the other sheets.
D3: Questions per dataset
A4: Papers tracked | B4: =COUNTA(Papers!A5:A43) -> 39
A5: Papers fully read by you | B5: =COUNTIF(Papers!N5:N43,"Fully read") -> 0
A6: Papers not read by anyone (flagged) | B6: =COUNTIF(Papers!K5:K43,"Not read") -> 2
A7: Datasets listed | B7: =COUNTA(Datasets!A5:A20) -> 16
A8: Datasets with unverified or gated access | B8: =COUNTIF(Datasets!O5:O20,"*nverified*")+COUNTIF(Datasets!O5:O20,"*ated*") -> 7
A9: Datasets downloaded or indexed | B9: =COUNTIF(Datasets!T5:T20,"Downloaded")+COUNTIF(Datasets!T5:T20,"Indexed") -> 0
A10: Total planned agent runs | B10: =Run_Plan!H18 -> 280435
A11: Primary dataset (CrossModalQA) status | B11: =Our_Dataset_Plan!H5 -> Not started
A14: Sheets
A15: Papers | B15: 39 related papers with links, strands, findings, gaps
A16: Datasets | B16: 16 datasets: primary, external, secondary, text control, private layer
A17: Paper_Dataset_Map | B17: Which paper introduces or uses which dataset
A18: Our_Dataset_Plan | B18: Exact datasets for this study and actions
A19: Annotation_Template | B19: Per-question structural annotation with checks
A20: Run_Plan | B20: Run count and cost planner
A21: Verification_Log | B21: What is verified and what is not
A23: Legend: yellow cells are for your input; all other numbers are formulas or sourced facts. Links are blue.

Sheet Sheet

Sheet Papers
A1: Related papers (37 verified-at-abstract-level + 2 unread)
A2: Yellow = your input. 'Authors: see paper' means the author list was not read in this study; complete before citing. Relevance 1-5 is my initial suggestion; change it.
A4: ID | B4: Short name | C4: Title | D4: Authors | E4: Year | F4: Venue / ID | G4: Link | H4: Strand | I4: Key finding (as read) | J4: Gap vs our study | K4: Read depth | L4: Relevance (1-5) | M4: Your notes | N4: Full text read?
A5: P01 | B5: LIMIT | C5: On the theoretical limitations of embedding-based retrieval | D5: see paper (not verified here) | E5: 2025 | F5: arXiv 2508.21038; ICLR 2026 | G5: https://arxiv.org/abs/2508.21038 | H5: Embedding capacity theory | I5: Single d-dim vector cannot realise all top-k subsets (d >= log C(n,k)/log(1+1/gamma)); SOTA <20% recall@100 on LIMIT data; authors say iterative retrieval unexplored | J5: Single stage; no rounds, no images | K5: Abstract/summary | L5: 5 | N5: Not yet
A6: P02 | B6: Dimensionality barrier? | C6: Is dimensionality a barrier for retrieval models? | D6: see paper | E6: 2026 | F6: arXiv 2605.23556 | G6: https://arxiv.org/abs/2605.23556 | H6: Embedding capacity theory | I6: Margin embeddings need d = O(k log(n/k)) for k-sparse cases; matching lower bound | J6: Single stage | K6: Abstract/summary | L6: 4 | N6: Not yet
A7: P03 | B7: Multi-vector expressiveness | C7: Multi-vector embeddings are provably more expressive than single-vector | D7: see paper | E7: 2026 | F7: arXiv 2606.23475 | G7: https://arxiv.org/abs/2606.23475 | H7: Embedding capacity theory | I7: Exponential dimension lower bound for approximating Chamfer similarity with inner products | J7: Static; no multi-round | K7: Abstract/summary | L7: 3 | N7: Not yet
A8: P04 | B8: Fano-style bound | C8: Fano-style accuracy upper bound for single-pass LLM reasoning | D8: see paper | E8: 2025 | F8: arXiv 2509.21199 | G8: https://arxiv.org/abs/2509.21199 | H8: Single-pass reasoning bound | I8: Accuracy cliff when information demand exceeds capacity | J8: Closed-book, single pass; excludes retrieval and agents | K8: Abstract/summary | L8: 3 | N8: Not yet
A9: P05 | B9: WideSearch | C9: WideSearch: benchmarking agentic broad info-seeking | D9: see paper | E9: 2025 | F9: arXiv 2508.07999 | G9: https://arxiv.org/abs/2508.07999 | H9: Wide vs deep search | I9: Best system about 5% on broad tasks | J9: Empirical; no theory | K9: Abstract/summary | L9: 3 | N9: Not yet
A10: P06 | B10: HybridDeepSearcher | C10: HybridDeepSearcher: scaling parallel and sequential search | D10: see paper | E10: 2025 | F10: arXiv 2508.19113 | G10: https://arxiv.org/abs/2508.19113 | H10: Wide vs deep search | I10: +15.9 F1 on FanOutQA | J10: Method | K10: Abstract/summary | L10: 3 | N10: Not yet
A11: P07 | B11: ExpandSearch | C11: ExpandSearch: query expansion with RL for search agents | D11: see paper | E11: 2025 | F11: arXiv 2510.10009 | G11: https://arxiv.org/abs/2510.10009 | H11: Wide vs deep search | I11: Multi-query expansion, +4.4% average; cites LIMIT | J11: Method; no theory of rounds | K11: Abstract/summary | L11: 3 | N11: Not yet
A12: P08 | B12: GraphRAG iterative | C12: Iterative retrieval in GraphRAG (empirical study) | D12: see paper | E12: 2025 | F12: arXiv 2509.25530 | G12: https://arxiv.org/abs/2509.25530 | H12: Iterative retrieval | I12: Iteration helps bridge-heavy questions | J12: Text only; observational | K12: Abstract/summary | L12: 4 | N12: Not yet
A13: P09 | B13: Iterative RAG vs ideal evidence | C13: When iterative RAG beats ideal evidence | D13: see paper | E13: 2026 | F13: arXiv 2601.19827 | G13: https://arxiv.org/abs/2601.19827 | H13: Iterative retrieval | I13: +3.74% 2Wiki, +8.41% MuSiQue; fails on single-hop; bridge docs buried beyond top-10 | J13: Text only; no structure model | K13: Abstract/summary | L13: 4 | N13: Not yet
A14: P10 | B14: Predictable failure | C14: Predictable failure in multi-hop retrieval | D14: see paper | E14: 2026 | F14: arXiv 2609.22056 | G14: https://arxiv.org/abs/2609.22056 | H14: Iterative retrieval | I14: Failures cluster; retrieval features predict them | J14: Features are scores, not structure; text | K14: Abstract/summary | L14: 5 | N14: Not yet
A15: P11 | B15: VisDocAgentBench | C15: VisDocAgentBench: Benchmarking agents for visually rich document retrieval | D15: Hu L., Zhang Y., Li M., Long D., Li Y., Zhang F., Wang Y., Lin Z. | E15: 2026 | F15: arXiv 2608.17889 | G15: https://arxiv.org/abs/2608.17889 | H15: Multimodal agentic benchmark | I15: 97.50% R@1 direct vs 2.50% two-bridge; best agent 67.50%; 120 queries | J15: Measures collapse; small | K15: Page read | L15: 5 | N15: Not yet
A16: P12 | B16: Double-Bench | C16: Are we on the right way for assessing document RAG? (Double-Bench) | D16: Shen W., Wang M., Wang Y., Chen D., Yang J., Wan Y., Lin W. | E16: 2025 | F16: arXiv 2508.03644 | G16: https://arxiv.org/abs/2508.03644 | H16: Multimodal agentic benchmark | I16: 5,168 queries (2,668 multi-hop), 72,880 pages, 6 languages, CC BY 4.0 | J16: Hop depth beyond 2 unclear | K16: Page read | L16: 5 | N16: Not yet
... A43: P39 | B43: Unread 2609.38222 | C43: Title not verified | D43: not read | E43: 2026 | F43: arXiv 2609.38222 | G43: https://arxiv.org/abs/2609.38222 | H43: Possible overlap | I43: NOT READ (rate-limited) | J43: Must read before submission | K43: Not read | L43: 3 | N43: Not yet

Sheet Datasets
A1: Multimodal and related benchmarking datasets
A2: Yellow = fill in. Counts are the sizes stated by papers. 'Verification' says how much I could check. Disk size could not be read in this study; fill from each repository page.
A4: ID | B4: Dataset | C4: Category | D4: Modality | E4: Task | F4: Questions | G4: Docs / pages / items | H4: Images | I4: Structure info | J4: Language | K4: Paper | L4: Paper link | M4: Data / project link | N4: Licence (as seen) | O4: Access | P4: Verification | Q4: Role in our study | R4: Notes / action | S4: Disk size (GB) | T4: Download status
A5: D01 | B5: CrossModalQA | C5: Primary (discovery) | D5: Text + images (Wikipedia, Wikimedia Commons) | E5: Cross-modal multi-hop QA | F5: 1863 | G5: 4987 | H5: 4431 | I5: Mean 3.50 hops; >40% need 4+; 5 reasoning-path categories; supporting evidence subgraphs kept | J5: English | K5: P15 | L5: https://arxiv.org/abs/2609.05518 | M5: NOT FOUND in paper | N5: Not stated (arXiv licence only) | O5: UNVERIFIED - no public link found | P5: Paper page read; release not verified | Q5: Primary dataset: subgraphs give H, MS, edge types | R5: ACTION: email authors (Cai et al.) for data. LLM-generated with filtering -> human-check 100 q. Docs column = Wikipedia articles. | T5: Not started
A6: D02 | B6: VisDocAgentBench | C6: External validation | D6: Visually rich document pages | E6: Agentic document retrieval | F6: 120 | G6: 2375 | I6: Bridge levels L1/L2/L3 (0/1/2 bridges); 100 arXiv papers | J6: English | K6: P11 | L6: https://arxiv.org/abs/2608.17889 | M6: https://hulx2002.github.io/VisDocAgentBench | N6: Per-document arXiv licences | O6: Public per project page (verify) | P6: Page read | Q6: External test of frozen model | R6: Small (120 q): wide CIs. Docs column = pages. | T6: Not started
A7: D03 | B7: Double-Bench | C7: External validation | D7: Document pages (text, tables, figures), 6 languages | E7: Single- and multi-hop document RAG | F7: 5168 | G7: 72880 | I7: 2,668 multi-hop queries; 3,276 documents; evidence labels; 92% annotator agreement | J7: 6 languages | K7: P12 | L7: https://arxiv.org/abs/2508.03644 | M7: https://double-bench.github.io/ | N7: CC BY 4.0 (stated on arXiv page) | O7: Public (verify download on project site) | P7: Page read | Q7: External test of frozen model | R7: Hop depth beyond 2 unclear. Docs column = pages. | T7: Not started
A8: D04 | B8: BrowseComp-V3 | C8: External validation | D8: Web text + images | E8: Multimodal browsing / deep search | F8: 300 | I8: Hop-count metadata; expert sub-goals; full trajectories | J8: English | K8: P13 | L8: https://arxiv.org/abs/2602.12876 | M8: Not stated on arXiv page | N8: Earlier check: HF release, CC BY 4.0, encrypted | O8: Gated/encrypted (re-verify) | P8: Partly verified | Q8: External test + trajectory analysis | R8: Web search, not fixed corpus. Needs decryption key per release notes. | T8: Not started
A9: D05 | B9: MultimodalQA | C9: Fallback / secondary | D9: Text, tables, images (Wikipedia) | E9: Multi-hop multimodal QA | F9: 29918 | I9: Questions need joint reasoning over modalities | J9: English | K9: P16 | L9: https://arxiv.org/abs/2104.06039 | M9: https://github.com/allenai/multimodalqa | N9: Not verified | O9: Public (repo not re-verified) | P9: Paper read; repo link from background knowledge | Q9: Rebuild structure if D01 unavailable | R9: Needs evidence-graph extraction. | T9: Not started
A10: D06 | B10: MMDocRAG | C10: Secondary multimodal | D10: Long documents: text, table, chart, image quotes | E10: Document multimodal RAG / generation | F10: 4055 | G10: 222 | I10: Cross-modal quotes inside documents | J10: English | K10: P32 | L10: https://arxiv.org/abs/2505.16470 | M10: https://mmdocrag.github.io/MMDocRAG/ | N10: https://huggingface.co/datasets/MMDocIR/MMDocRAG | O10: Not verified | P10: Public (link seen in search) | Q10: Search result only | R10: Optional replication. Docs column = documents. | T10: Not started
A11: D07 | B11: MMLongBench-Doc | C11: Secondary multimodal | D11: Long PDFs with figures/tables | E11: Long-document QA | F11: 1062 | G11: 130 | I11: Single/multi-page, cross-page | J11: English | K11: P33 | L11: https://arxiv.org/abs/2407.01523 | M11: https://github.com/mayubo2333/MMLongBench-Doc | N11: https://huggingface.co/datasets/yubo2333/MMLongBench-Doc | O11: Not verified | P11: Public (link seen in search) | Q11: Search result only | R11: Optional replication. Docs column = documents. | T11: Not started
A12: D08 | B12: LongDocURL | C12: Secondary multimodal | D12: Long multimodal documents | E12: Understanding, reasoning, locating | F12: 2325 | G12: 33000 | I12: Cross-element, multi-page | J12: English | K12: P34 | L12: https://arxiv.org/abs/2412.18424 | M12: https://github.com/dengc2023/LongDocURL | N12: https://huggingface.co/datasets/dengchao/LongDocURL | O12: Not verified | P12: Public (link seen in search) | Q12: Search result only | R12: Docs column = pages (33,000+). | T12: Not started
A13: D09 | B13: MRAMG-Bench | C13: Secondary multimodal | D13: Documents + images | E13: Multimodal answer generation | F13: 4800 | G13: 4346 | H13: 14190 | I13: Mixed text/image answers | J13: English | K13: P35 | L13: https://arxiv.org/abs/2502.04176 | M13: https://github.com/MRAMG-Bench/MRAMG | N13: https://huggingface.co/datasets/MRAMG/MRAMG-Bench | O13: Not verified | P13: Public (link seen in search) | Q13: Search result only | R13: Generation-focused. Docs column = documents. | T13: Not started
A14: D10 | B14: MultiHaystack | C14: Optional transfer | D14: Large mixed-modality corpus | E14: Evidence-grounded QA over 46k items | F14: 747 | G14: 46000 | I14: Depth structure not stated | J14: English | K14: P14 | L14: https://arxiv.org/abs/2603.05697 | M14: Not stated | N14: Not verified | O14: Unverified | P14: Abstract only | Q14: Optional large-corpus test | R14: Docs column = items. | T14: Not started
A15: D11 | B15: MMSearch-Plus | C15: Optional transfer | D15: Multimodal browsing | E15: Provenance-aware search | I15: Not verified | J15: English | K15: P36 | L15: https://mmsearch-plus.github.io/ | M15: https://github.com/mmsearch-plus/MMSearch-Plus ; https://huggingface.co/datasets/Cie1/MMSearch-Plus | N15: Not verified | O15: Public or gated (unverified) | P15: Search result only | Q15: Optional transfer | R15: Size and access unverified. | T15: Not started
A16: D12 | B16: VisBrowse-Bench | C16: Optional transfer | D16: Image-centric browsing | E16: Visual browsing | I16: Not verified | J16: English | K16: P24 | L16: https://arxiv.org/abs/2603.16289 | M16: Not stated | N16: Not verified | O16: Unverified | P16: Abstract only | Q16: Optional transfer | R16: Find GitHub link in paper. | T16: Not started
A17: D13 | B17: MuSiQue | C17: Text control | D17: Text (Wikipedia) | E17: Multi-hop QA | I17: 2-4 hop compositional questions | J17: English | K17: P09 | L17: https://arxiv.org/abs/2108.00573 | M17: Not verified here | N17: Not verified here | O17: Public (background knowledge) | P17: Background knowledge, link not re-verified | Q17: Text-only control for H and CSL | R17: Used by P09 results. Verify link and licence. | T17: Not started
A18: D14 | B18: 2WikiMultiHopQA | C18: Text control | D18: Text (Wikipedia) | E18: Multi-hop QA | I18: Bridge/comparison types | J18: English | K18: P09 | L18: https://arxiv.org/abs/2011.01060 | M18: Not verified here | N18: Not verified here | O18: Public (background knowledge) | P18: Background knowledge, link not re-verified | Q18: Text-only control | R18: Used by P09 results. Verify link and licence. | T18: Not started
A19: D15 | B19: LIMIT dataset | C19: Background (theory) | D19: Text | E19: Embedding-limit test set | I19: Designed so top-k subsets stress single vectors | J19: English | K19: P01 | L19: https://arxiv.org/abs/2508.21038 | M19: Not stated | N19: Not verified | O19: Unverified | P19: Abstract only | Q19: Source of dimension-limit argument | R19: Possible template for synthetic generator. | T19: Not started
A20: D16 | B20: Own annotation layer | C20: Private (ours) | D20: Structural labels over D01-D04 | E20: H, CSL, MS, edge types, bridge entities, node modalities | I20: 100-question human validation set + agent run logs + caption set | J20: English | K20: - | L20: - | M20: - | N20: Private until publication | O20: Private | P20: Built in this study | Q20: Our contribution | R20: Release after acceptance if source licences allow. | T20: Not started

Sheet Paper_Dataset_Map
A1: Which paper introduces or uses which dataset
A2: Lookups pull names from the Papers and Datasets sheets by ID (INDEX/MATCH).
A4: Paper ID | B4: Paper | C4: Dataset ID | D4: Dataset | E4: Relation | F4: Paper link
A5: P15 | B5: =INDEX(Papers!$B$5:$B$43,MATCH(A5,Papers!$A$5:$A$43,0)) -> CrossModalQA | C5: D01 | D5: =IF(C5="-","(not listed)",INDEX(Datasets!$B$5:$B$20,MATCH(C5,Datasets!$A$5:$A$20,0))) -> CrossModalQA | E5: Introduces | F5: =INDEX(Papers!$G$5:$G$43,MATCH(A5,Papers!$A$5:$A$43,0)) -> https://arxiv.org/abs/2609.05518
A6: P11 | B6: =INDEX(Papers!$B$5:$B$43,MATCH(A6,Papers!$A$5:$A$43,0)) -> VisDocAgentBench | C6: D02 | D6: =IF(C6="-","(not listed)",INDEX(Datasets!$B$5:$B$20,MATCH(C6,Datasets!$A$5:$A$20,0))) -> VisDocAgentBench | E6: Introduces | F6: =INDEX(Papers!$G$5:$G$43,MATCH(A6,Papers!$A$5:$A$43,0)) -> https://arxiv.org/abs/2608.17889
A7: P12 | B7: =INDEX(Papers!$B$5:$B$43,MATCH(A7,Papers!$A$5:$A$43,0)) -> Double-Bench | C7: D03 | D7: =IF(C7="-","(not listed)",INDEX(Datasets!$B$5:$B$20,MATCH(C7,Datasets!$A$5:$A$20,0))) -> Double-Bench | E7: Introduces | F7: =INDEX(Papers!$G$5:$G$43,MATCH(A7,Papers!$A$5:$A$43,0)) -> https://arxiv.org/abs/2508.03644
A8: P13 | B8: =INDEX(Papers!$B$5:$B$43,MATCH(A8,Papers!$A$5:$A$43,0)) -> BrowseComp-V3 | C8: D04 | D8: =IF(C8="-","(not listed)",INDEX(Datasets!$B$5:$B$20,MATCH(C8,Datasets!$A$5:$A$20,0))) -> BrowseComp-V3 | E8: Introduces | F8: =INDEX(Papers!$G$5:$G$43,MATCH(A8,Papers!$A$5:$A$43,0)) -> https://arxiv.org/abs/2602.12876
A9: P16 | B9: =INDEX(Papers!$B$5:$B$43,MATCH(A9,Papers!$A$5:$A$43,0)) -> MultimodalQA | C9: D05 | D9: =IF(C9="-","(not listed)",INDEX(Datasets!$B$5:$B$20,MATCH(C9,Datasets!$A$5:$A$20,0))) -> MultimodalQA | E9: Introduces | F9: =INDEX(Papers!$G$5:$G$43,MATCH(A9,Papers!$A$5:$A$43,0)) -> https://arxiv.org/abs/2104.06039
A10: P32 | B10: =INDEX(Papers!$B$5:$B$43,MATCH(A10,Papers!$A$5:$A$43,0)) -> MMDocRAG | C10: D06 | D10: =IF(C10="-","(not listed)",INDEX(Datasets!$B$5:$B$20,MATCH(C10,Datasets!$A$5:$A$20,0))) -> MMDocRAG | E10: Introduces | F10: =INDEX(Papers!$G$5:$G$43,MATCH(A10,Papers!$A$5:$A$43,0)) -> https://arxiv.org/abs/2505.16470
A11: P33 | B11: =INDEX(Papers!$B$5:$B$43,MATCH(A11,Papers!$A$5:$A$43,0)) -> MMLongBench-Doc | C11: D07 | D11: =IF(C11="-","(not listed)",INDEX(Datasets!$B$5:$B$20,MATCH(C11,Datasets!$A$5:$A$20,0))) -> MMLongBench-Doc | E11: Introduces | F11: =INDEX(Papers!$G$5:$G$43,MATCH(A11,Papers!$A$5:$A$43,0)) -> https://arxiv.org/abs/2407.01523
A12: P34 | B12: =INDEX(Papers!$B$5:$B$43,MATCH(A12,Papers!$A$5:$A$43,0)) -> LongDocURL | C12: D08 | D12: =IF(C12="-","(not listed)",INDEX(Datasets!$B$5:$B$20,MATCH(C12,Datasets!$A$5:$A$20,0))) -> LongDocURL | E12: Introduces | F12: =INDEX(Papers!$G$5:$G$43,MATCH(A12,Papers!$A$5:$A$43,0)) -> https://arxiv.org/abs/2412.18424
A13: P35 | B13: =INDEX(Papers!$B$5:$B$43,MATCH(A13,Papers!$A$5:$A$43,0)) -> MRAMG-Bench | C13: D09 | D13: =IF(C13="-","(not listed)",INDEX(Datasets!$B$5:$B$20,MATCH(C13,Datasets!$A$5:$A$20,0))) -> MRAMG-Bench | E13: Introduces | F13: =INDEX(Papers!$G$5:$G$43,MATCH(A13,Papers!$A$5:$A$43,0)) -> https://arxiv.org/abs/2502.04176
A14: P14 | B14: =INDEX(Papers!$B$5:$B$43,MATCH(A14,Papers!$A$5:$A$43,0)) -> MultiHaystack | C14: D10 | D14: =IF(C14="-","(not listed)",INDEX(Datasets!$B$5:$B$20,MATCH(C14,Datasets!$A$5:$A$20,0))) -> MultiHaystack | E14: Introduces | F14: =INDEX(Papers!$G$5:$G$43,MATCH(A14,Papers!$A$5:$A$43,0)) -> https://arxiv.org/abs/2603.05697
A15: P36 | B15: =INDEX(Papers!$B$5:$B$43,MATCH(A15,Papers!$A$5:$A$43,0)) -> MMSearch-Plus | C15: D11 | D15: =IF(C15="-","(not listed)",INDEX(Datasets!$B$5:$B$20,MATCH(C15,Datasets!$A$5:$A$20,0))) -> MMSearch-Plus | E15: Introduces | F15: =INDEX(Papers!$G$5:$G$43,MATCH(A15,Papers!$A$5:$A$43,0)) -> https://github.com/mmsearch-plus/MMSearch-Plus
A16: P24 | B16: =INDEX(Papers!$B$5:$B$43,MATCH(A16,Papers!$A$5:$A$43,0)) -> VisBrowse | C16: D12 | D16: =IF(C16="-","(not listed)",INDEX(Datasets!$B$5:$B$20,MATCH(C16,Datasets!$A$5:$A$20,0))) -> VisBrowse-Bench | E16: Introduces | F16: =INDEX(Papers!$G$5:$G$43,MATCH(A16,Papers!$A$5:$A$43,0)) -> https://arxiv.org/abs/2603.16289
... A25: P20 | B25: =INDEX(Papers!$B$5:$B$43,MATCH(A25,Papers!$A$5:$A$43,0)) -> AgenticRAG-FP | C25: - | D25: =IF(C25="-","(not listed)",INDEX(Datasets!$B$5:$B$20,MATCH(C25,Datasets!$A$5:$A$20,0))) -> (not listed) | E25: Introduces own interventional benchmark (text) | F25: =INDEX(Papers!$G$5:$G$43,MATCH(A25,Papers!$A$5:$A$43,0)) -> https://arxiv.org/abs/2608.20627

Sheet Our_Dataset_Plan
A1: Exact datasets we work on (decision sheet)
A2: Edit yellow cells as you obtain data. Question counts are pulled from the Datasets sheet.
A4: Role | B4: ID | C4: Dataset | D4: Questions | E4: Access | F4: Use in study | G4: Action | H4: Status | I4: Your notes
A5: Discovery | B5: D01 | C5: =INDEX(Datasets!$B$5:$B$20,MATCH(B5,Datasets!$A$5:$A$20,0)) -> CrossModalQA | D5: =INDEX(Datasets!$F$5:$F$20,MATCH(B5,Datasets!$A$5:$A$20,0)) -> 1863 | E5: =INDEX(Datasets!$O$5:$O$20,MATCH(B5,Datasets!$A$5:$A$20,0)) -> UNVERIFIED - no public link found | F5: Primary: fit models A, B, C here (grouped CV). Structure from subgraphs. | G5: Contact authors; if no reply in 3 weeks, fallback D05 or switch primary to D03 | H5: Not started
A6: External 1 | B6: D02 | C6: =INDEX(Datasets!$B$5:$B$20,MATCH(B6,Datasets!$A$5:$A$20,0)) -> VisDocAgentBench | D6: =INDEX(Datasets!$F$5:$F$20,MATCH(B6,Datasets!$A$5:$A$20,0)) -> 120 | E6: =INDEX(Datasets!$O$5:$O$20,MATCH(B6,Datasets!$A$5:$A$20,0)) -> Public per project page (verify) | F6: Frozen-coefficient test; bridge levels give H. | G6: Download; annotate CSL, MS | H6: Not started
A7: External 2 | B7: D03 | C7: =INDEX(Datasets!$B$5:$B$20,MATCH(B7,Datasets!$A$5:$A$20,0)) -> Double-Bench | D7: =INDEX(Datasets!$F$5:$F$20,MATCH(B7,Datasets!$A$5:$A$20,0)) -> 5168 | E7: =INDEX(Datasets!$O$5:$O$20,MATCH(B7,Datasets!$A$5:$A$20,0)) -> Public (verify download on project site) | F7: Frozen-coefficient test; multi-hop subset. | G7: Download; annotate H beyond 2, CSL, MS | H7: Not started
A8: External 3 | B8: D04 | C8: =INDEX(Datasets!$B$5:$B$20,MATCH(B8,Datasets!$A$5:$A$20,0)) -> BrowseComp-V3 | D8: =INDEX(Datasets!$F$5:$F$20,MATCH(B8,Datasets!$A$5:$A$20,0)) -> 300 | E8: =INDEX(Datasets!$O$5:$O$20,MATCH(B8,Datasets!$A$5:$A$20,0)) -> Gated/encrypted (re-verify) | F8: Frozen-coefficient test; trajectory analysis. | G8: Obtain decryption key per release notes | H8: Not started
A9: Fallback | B9: D05 | C9: =INDEX(Datasets!$B$5:$B$20,MATCH(B9,Datasets!$A$5:$A$20,0)) -> MultimodalQA | D9: =INDEX(Datasets!$F$5:$F$20,MATCH(B9,Datasets!$A$5:$A$20,0)) -> 29918 | E9: =INDEX(Datasets!$O$5:$O$20,MATCH(B9,Datasets!$A$5:$A$20,0)) -> Public (repo not re-verified) | F9: Rebuild evidence subgraphs if D01 unavailable. | G9: Verify repo link | H9: Not started
A10: Text control | B10: D13 | C10: =INDEX(Datasets!$B$5:$B$20,MATCH(B10,Datasets!$A$5:$A$20,0)) -> MuSiQue | D10: =INDEX(Datasets!$F$5:$F$20,MATCH(B10,Datasets!$A$5:$A$20,0)) -> 0 | E10: =INDEX(Datasets!$O$5:$O$20,MATCH(B10,Datasets!$A$5:$A$20,0)) -> Public (background knowledge) | F10: Text-only check of H and CSL claims. | G10: Verify link, licence | H10: Not started
A11: Own layer | B11: D16 | C11: =INDEX(Datasets!$B$5:$B$20,MATCH(B11,Datasets!$A$5:$A$20,0)) -> Own annotation layer | D11: =INDEX(Datasets!$F$5:$F$20,MATCH(B11,Datasets!$A$5:$A$20,0)) -> 0 | E11: =INDEX(Datasets!$O$5:$O$20,MATCH(B11,Datasets!$A$5:$A$20,0)) -> Private | F11: Annotations, 100-q human set, logs. | G11: Build | H11: Not started
A13: Decision rule: if D01 is not obtained, state this in the paper and switch the primary dataset; do not claim results on it.

Sheet Annotation_Template
A1: Structural annotation template (one row per question)
A2: Yellow = annotate. Formulas check consistency. Row 5 is an EXAMPLE (fake IDs) - delete before use.
A4: Question ID | B4: Dataset ID | C4: Hops H | D4: T→T edges | E4: T→I edges | F4: I→T edges | G4: I→I edges | H4: Modality switches MS | I4: Edge count check | J4: CSL (primary, log2 neighbours) | K4: Retriever dim d | L4: Human-validated? | M4: Annotator 1 H | N4: Annotator 2 H | O4: H agree? | P4: Bridge entities (text) | Q4: Notes | T4: Agreement on first 100 validated:
A5: EXAMPLE-001 | B5: D01 | C5: 3 | D5: 1 | E5: 1 | F5: 1 | G5: 0 | H5: =IF(A5="","",E5+F5) -> 2 | I5: =IF(A5="","",IF(D5+E5+F5+G5=C5,"OK","CHECK")) -> OK | J5: 3.2 | K5: 128 | L5: No | M5: 3 | N5: 3 | O5: =IF(OR(M5="",N5=""),"",IF(M5=N5,"Yes","No")) -> Yes | P5: b1; b2 | Q5: example only | T5: =IF(COUNTIF(O5:O204,"Yes")+COUNTIF(O5:O204,"No")=0,"",COUNTIF(O5:O204,"Yes")/(COUNTIF(O5:O204,"Yes")+COUNTIF(O5:O204,"No"))) -> 1
H6: =IF(A6="","",E6+F6) | I6: =IF(A6="","",IF(D6+E6+F6+G6=C6,"OK","CHECK")) | O6: =IF(OR(M6="",N6=""),"",IF(M6=N6,"Yes","No"))
H7: =IF(A7="","",E7+F7) | I7: =IF(A7="","",IF(D7+E7+F7+G7=C7,"OK","CHECK")) | O7: =IF(OR(M7="",N7=""),"",IF(M7=N7,"Yes","No"))
H8: =IF(A8="","",E8+F8) | I8: =IF(A8="","",IF(D8+E8+F8+G8=C8,"OK","CHECK")) | O8: =IF(OR(M8="",N8=""),"",IF(M8=N8,"Yes","No"))
H9: =IF(A9="","",E9+F9) | I9: =IF(A9="","",IF(D9+E9+F9+G9=C9,"OK","CHECK")) | O9: =IF(OR(M9="",N9=""),"",IF(M9=N9,"Yes","No"))
H10: =IF(A10="","",E10+F10) | I10: =IF(A10="","",IF(D10+E10+F10+G10=C10,"OK","CHECK")) | O10: =IF(OR(M10="",N10=""),"",IF(M10=N10,"Yes","No"))
H11: =IF(A11="","",E11+F11) | I11: =IF(A11="","",IF(D11+E11+F11+G11=C11,"OK","CHECK")) | O11: =IF(OR(M11="",N11=""),"",IF(M11=N11,"Yes","No"))
H12: =IF(A12="","",E12+F12) | I12: =IF(A12="","",IF(D12+E12+F12+G12=C12,"OK","CHECK")) | O12: =IF(OR(M12="",N12=""),"",IF(M12=N12,"Yes","No"))
H13: =IF(A13="","",E13+F13) | I13: =IF(A13="","",IF(D13+E13+F13+G13=C13,"OK","CHECK")) | O13: =IF(OR(M13="",N13=""),"",IF(M13=N13,"Yes","No"))
H14: =IF(A14="","",E14+F14) | I14: =IF(A14="","",IF(D14+E14+F14+G14=C14,"OK","CHECK")) | O14: =IF(OR(M14="",N14=""),"",IF(M14=N14,"Yes","No"))
H15: =IF(A15="","",E15+F15) | I15: =IF(A15="","",IF(D15+E15+F15+G15=C15,"OK","CHECK")) | O15: =IF(OR(M15="",N15=""),"",IF(M15=N15,"Yes","No"))
H16: =IF(A16="","",E16+F16) | I16: =IF(A16="","",IF(D16+E16+F16+G16=C16,"OK","CHECK")) | O16: =IF(OR(M16="",N16=""),"",IF(M16=N16,"Yes","No"))
H17: =IF(A17="","",E17+F17) | I17: =IF(A17="","",IF(D17+E17+F17+G17=C17,"OK","CHECK")) | O17: =IF(OR(M17="",N17=""),"",IF(M17=N17,"Yes","No"))
... H204: =IF(A204="","",E204+F204) | I204: =IF(A204="","",IF(D204+E204+F204+G204=C204,"OK","CHECK")) | O204: =IF(OR(M204="",N204=""),"",IF(M204=N204,"Yes","No"))

Sheet Run_Plan
A1: Experiment run and cost planner
A2: Runs = questions x agents x replicates x configurations. Cost per run is blank on purpose: estimate it from the 200-question pilot (image-token counts differ across providers).
A4: Assumptions
A5: Agents (VLM families) | B5: 3 | C5: Checklist item 5: at least 2-3
A6: Replicates per question | B6: 5 | C6: Checklist item 6
A7: Retriever dimensions in sweep | B7: 5 | C7: d = 32,64,128,256,512
A8: Intervention variants | B8: 3 | C8: Oracle bridge, caption, dimension (dimension counted in sweep)
A9: Pilot questions | B9: 200 | C9: One agent, one retriever
A10: Stage | B10: Dataset ID | C10: Dataset | D10: Questions | E10: Agents | F10: Replicates | G10: Configs per question | H10: Total runs | I10: Cost per run (USD) | J10: Estimated cost (USD) | K10: Note
A11: Pilot | B11: D01 | C11: =IF(B11="","",INDEX(Datasets!$B$5:$B$20,MATCH(B11,Datasets!$A$5:$A$20,0))) -> CrossModalQA | D11: =B9 -> 200 | E11: 1 | F11: =B6 -> 5 | G11: 1 | H11: =IFERROR(D11*E11*F11*G11,0) -> 1000 | J11: =IF(I11="","",H11*I11) | K11: One agent, one retriever
A12: Main: baseline + dimension sweep | B12: D01 | C12: =IF(B12="","",INDEX(Datasets!$B$5:$B$20,MATCH(B12,Datasets!$A$5:$A$20,0))) -> CrossModalQA | D12: =INDEX(Datasets!$F$5:$F$20,MATCH(B12,Datasets!$A$5:$A$20,0)) -> 1863 | E12: =B5 -> 3 | F12: =B6 -> 5 | G12: =B7 -> 5 | H12: =IFERROR(D12*E12*F12*G12,0) -> 139725 | J12: =IF(I12="","",H12*I12) | K12: Models A,B,C data
A13: Main: oracle bridge | B13: D01 | C13: =IF(B13="","",INDEX(Datasets!$B$5:$B$20,MATCH(B13,Datasets!$A$5:$A$20,0))) -> CrossModalQA | D13: =INDEX(Datasets!$F$5:$F$20,MATCH(B13,Datasets!$A$5:$A$20,0)) -> 1863 | E13: =B5 -> 3 | F13: =B6 -> 5 | G13: 1 | H13: =IFERROR(D13*E13*F13*G13,0) -> 27945 | J13: =IF(I13="","",H13*I13) | K13: One extra config
A14: Main: image to caption | B14: D01 | C14: =IF(B14="","",INDEX(Datasets!$B$5:$B$20,MATCH(B14,Datasets!$A$5:$A$20,0))) -> CrossModalQA | D14: =INDEX(Datasets!$F$5:$F$20,MATCH(B14,Datasets!$A$5:$A$20,0)) -> 1863 | E14: =B5 -> 3 | F14: =B6 -> 5 | G14: 1 | H14: =IFERROR(D14*E14*F14*G14,0) -> 27945 | J14: =IF(I14="","",H14*I14) | K14: One extra config
A15: External: VisDocAgentBench | B15: D02 | C15: =IF(B15="","",INDEX(Datasets!$B$5:$B$20,MATCH(B15,Datasets!$A$5:$A$20,0))) -> VisDocAgentBench | D15: =INDEX(Datasets!$F$5:$F$20,MATCH(B15,Datasets!$A$5:$A$20,0)) -> 120 | E15: =B5 -> 3 | F15: =B6 -> 5 | G15: 1 | H15: =IFERROR(D15*E15*F15*G15,0) -> 1800 | J15: =IF(I15="","",H15*I15) | K15: Single retriever
A16: External: Double-Bench | B16: D03 | C16: =IF(B16="","",INDEX(Datasets!$B$5:$B$20,MATCH(B16,Datasets!$A$5:$A$20,0))) -> Double-Bench | D16: =INDEX(Datasets!$F$5:$F$20,MATCH(B16,Datasets!$A$5:$A$20,0)) -> 5168 | E16: =B5 -> 3 | F16: =B6 -> 5 | G16: 1 | H16: =IFERROR(D16*E16*F16*G16,0) -> 77520 | J16: =IF(I16="","",H16*I16) | K16: Consider a subsample (cost)
A17: External: BrowseComp-V3 | B17: D04 | C17: =IF(B17="","",INDEX(Datasets!$B$5:$B$20,MATCH(B17,Datasets!$A$5:$A$20,0))) -> BrowseComp-V3 | D17: =INDEX(Datasets!$F$5:$F$20,MATCH(B17,Datasets!$A$5:$A$20,0)) -> 300 | E17: =B5 -> 3 | F17: =B6 -> 5 | G17: 1 | H17: =IFERROR(D17*E17*F17*G17,0) -> 4500 | J17: =IF(I17="","",H17*I17) | K17: Web search; cost differs
A18: TOTAL | H18: =SUM(H11:H17) -> 280435 | J18: =IF(COUNT(J11:J17)=0,"",SUM(J11:J17))
A20: Note: Double-Bench and BrowseComp-V3 sizes come from the Datasets sheet; a blank question count (unverified dataset) gives 0 runs.

Sheet Verification_Log
A1: What was and was not verified
A2: Honest status of each key fact; use this before citing anything.
A4: Item | B4: Status | C4: Date | D4: Action / note
A5: CrossModalQA authors, size, mean hops | B5: Verified on arXiv HTML page | C5: 2026-10-02 | D5: arXiv 2609.05518 (HTML)
A6: CrossModalQA public data/code link | B6: NOT found in paper; licence shown is arXiv's only | C6: 2026-10-02 | D6: Treat as unavailable until authors confirm
A7: VisDocAgentBench size, authors, project page | B7: Verified on arXiv HTML page | C7: 2026-10-02 | D7: Project page URL taken from page
A8: Double-Bench size, CC BY 4.0, project site | B8: Verified on arXiv abs page | C8: 2026-10-02 | D8: Download link on project site not tested
A9: BrowseComp-V3 authors, 300 questions | B9: Verified on arXiv abs page | C9: 2026-10-02 | D9: HF release/encryption from earlier check, re-verify
A10: MultimodalQA ~30k questions | B10: Verified; authors from background knowledge (ICLR 2021) | C10: 2026-10-02 | D10: GitHub repo URL not re-verified
A11: MMDocRAG, MMLongBench-Doc, LongDocURL, MRAMG-Bench, MMSearch-Plus links | B11: Links appeared in web search results; pages not opened | C11: 2026-10-02 | D11: Check access and size
A12: Dataset disk sizes (GB) | B12: NOT verified: hosting API could not be queried | C12: 2026-10-02 | D12: Fill column S of Datasets
A13: Author lists for most arXiv papers | B13: NOT read | C13: 2026-10-02 | D13: Complete from paper pages
A14: Agent psychometrics reference | B14: NOT re-verified; entry incomplete | C14: 2026-10-02 | D14: Find paper before citing
A15: arXiv 2609.38743 and 2609.38222 | B15: NOT read (rate-limited) | C15: 2026-10-02 | D15: Read before submission
... A17: Number of published agentic-RAG papers | B17: No verified count (OpenAlex rate-limited) | C17: 2026-10-02 | D17: Run count_agentic_rag.py later
